<?xml version="1.0" encoding="UTF-8"?>
<metadata xml:lang="en"><Esri><CreaDate>20250715</CreaDate><CreaTime>17410500</CreaTime><ArcGISFormat>1.0</ArcGISFormat><SyncOnce>TRUE</SyncOnce><DataProperties><lineage><Process ToolSource="c:\program files\arcgis\pro\Resources\ArcToolbox\toolboxes\Conversion Tools.tbx\ExportFeatures" Date="20250715" Time="174105">ExportFeatures eGIS_Boundaries_Political.EGIS.DPW_COUNTY_BOUNDARY C:\Users\cgiam\Downloads\LACountyBoundary.shp # NOT_USE_ALIAS "TYPE "TYPE" true true false 50 Text 0 0,First,#,eGIS_Boundaries_Political.EGIS.DPW_COUNTY_BOUNDARY,TYPE,0,49;NAME "NAME" true true false 50 Text 0 0,First,#,eGIS_Boundaries_Political.EGIS.DPW_COUNTY_BOUNDARY,NAME,0,49" #</Process></lineage></DataProperties></Esri></metadata>
